1,3,male,22,1,0,A/5 21171,7.25,1000,S
2,1,female,38,1,0,PC 17599,71.2833,C85,C
3,3,female,26,0,0,STON/O2. 3101282,7.925,1000,S
4,1,female,35,1,0,113803,53.1,C123,S
5,3,male,35,0,0,373450,8.05,1000,S
6,3,male,1000,0,0,330877,8.4583,1000,Q
7,1,male,54,0,0,17463,51.8625,E46,S
8,3,male,2,3,1,349909,21.075,1000,S
9,3,female,27,0,2,347742,11.1333,1000,S
10,2,female,14,1,0,237736,30.0708,1000,C
11,3,female,4,1,1,PP 9549,16.7,G6,S
12,1,female,58,0,0,113783,26.55,C103,S
13,3,male,20,0,0,A/5. 2151,8.05,1000,S
14,3,male,39,1,5,347082,31.275,1000,S
15,3,female,14,0,0,350406,7.8542,1000,S
16,2,female,55,0,0,248706,16,1000,S
17,3,male,2,4,1,382652,29.125,1000,Q
18,2,male,1000,0,0,244373,13,1000,S
19,3,female,31,1,0,345763,18,1000,S
20,3,female,1000,0,0,2649,7.225,1000,C
21,2,male,35,0,0,239865,26,1000,S
22,2,male,34,0,0,248698,13,D56,S
23,3,female,15,0,0,330923,8.0292,1000,Q
24,1,male,28,0,0,113788,35.5,A6,S
25,3,female,8,3,1,349909,21.075,1000,S
26,3,female,38,1,5,347077,31.3875,1000,S
27,3,male,1000,0,0,2631,7.225,1000,C
28,1,male,19,3,2,19950,263,C23 C25 C27,S
29,3,female,1000,0,0,330959,7.8792,1000,Q
30,3,male,1000,0,0,349216,7.8958,1000,S
31,1,male,40,0,0,PC 17601,27.7208,1000,C
32,1,female,1000,1,0,PC 17569,146.5208,B78,C
33,3,female,1000,0,0,335677,7.75,1000,Q
34,2,male,66,0,0,C.A. 24579,10.5,1000,S
35,1,male,28,1,0,PC 17604,82.1708,1000,C
36,1,male,42,1,0,113789,52,1000,S
37,3,male,1000,0,0,2677,7.2292,1000,C
38,3,male,21,0,0,A./5. 2152,8.05,1000,S
39,3,female,18,2,0,345764,18,1000,S
40,3,female,14,1,0,2651,11.2417,1000,C
41,3,female,40,1,0,7546,9.475,1000,S
42,2,female,27,1,0,11668,21,1000,S
43,3,male,1000,0,0,349253,7.8958,1000,C
44,2,female,3,1,2,SC/Paris 2123,41.5792,1000,C
45,3,female,19,0,0,330958,7.8792,1000,Q
46,3,male,1000,0,0,S.C./A.4. 23567,8.05,1000,S
47,3,male,1000,1,0,370371,15.5,1000,Q
48,3,female,1000,0,0,14311,7.75,1000,Q
49,3,male,1000,2,0,2662,21.6792,1000,C
50,3,female,18,1,0,349237,17.8,1000,S
51,3,male,7,4,1,3101295,39.6875,1000,S
52,3,male,21,0,0,A/4. 39886,7.8,1000,S
53,1,female,49,1,0,PC 17572,76.7292,D33,C
54,2,female,29,1,0,2926,26,1000,S
55,1,male,65,0,1,113509,61.9792,B30,C
56,1,male,1000,0,0,19947,35.5,C52,S
57,2,female,21,0,0,C.A. 31026,10.5,1000,S
58,3,male,28.5,0,0,2697,7.2292,1000,C
59,2,female,5,1,2,C.A. 34651,27.75,1000,S
60,3,male,11,5,2,CA 2144,46.9,1000,S
61,3,male,22,0,0,2669,7.2292,1000,C
62,1,female,38,0,0,113572,80,B28,
63,1,male,45,1,0,36973,83.475,C83,S
64,3,male,4,3,2,347088,27.9,1000,S
65,1,male,1000,0,0,PC 17605,27.7208,1000,C
66,3,male,1000,1,1,2661,15.2458,1000,C
67,2,female,29,0,0,C.A. 29395,10.5,F33,S
68,3,male,19,0,0,S.P. 3464,8.1583,1000,S
69,3,female,17,4,2,3101281,7.925,1000,S
70,3,male,26,2,0,315151,8.6625,1000,S
71,2,male,32,0,0,C.A. 33111,10.5,1000,S
72,3,female,16,5,2,CA 2144,46.9,1000,S
73,2,male,21,0,0,S.O.C. 14879,73.5,1000,S
74,3,male,26,1,0,2680,14.4542,1000,C
75,3,male,32,0,0,1601,56.4958,1000,S
76,3,male,25,0,0,348123,7.65,F G73,S
77,3,male,1000,0,0,349208,7.8958,1000,S
78,3,male,1000,0,0,374746,8.05,1000,S
79,2,male,0.83,0,2,248738,29,1000,S
80,3,female,30,0,0,364516,12.475,1000,S
81,3,male,22,0,0,345767,9,1000,S
82,3,male,29,0,0,345779,9.5,1000,S
83,3,female,1000,0,0,330932,7.7875,1000,Q
84,1,male,28,0,0,113059,47.1,1000,S
85,2,female,17,0,0,SO/C 14885,10.5,1000,S
86,3,female,33,3,0,3101278,15.85,1000,S
87,3,male,16,1,3,W./C. 6608,34.375,1000,S
88,3,male,1000,0,0,SOTON/OQ 392086,8.05,1000,S
89,1,female,23,3,2,19950,263,C23 C25 C27,S
90,3,male,24,0,0,343275,8.05,1000,S
91,3,male,29,0,0,343276,8.05,1000,S
92,3,male,20,0,0,347466,7.8542,1000,S
93,1,male,46,1,0,W.E.P. 5734,61.175,E31,S
94,3,male,26,1,2,C.A. 2315,20.575,1000,S
95,3,male,59,0,0,364500,7.25,1000,S
96,3,male,1000,0,0,374910,8.05,1000,S
97,1,male,71,0,0,PC 17754,34.6542,A5,C
98,1,male,23,0,1,PC 17759,63.3583,D10 D12,C
99,2,female,34,0,1,231919,23,1000,S
100,2,male,34,1,0,244367,26,1000,S
101,3,female,28,0,0,349245,7.8958,1000,S
102,3,male,1000,0,0,349215,7.8958,1000,S
103,1,male,21,0,1,35281,77.2875,D26,S
104,3,male,33,0,0,7540,8.6542,1000,S
105,3,male,37,2,0,3101276,7.925,1000,S
106,3,male,28,0,0,349207,7.8958,1000,S
107,3,female,21,0,0,343120,7.65,1000,S
108,3,male,1000,0,0,312991,7.775,1000,S
109,3,male,38,0,0,349249,7.8958,1000,S
110,3,female,1000,1,0,371110,24.15,1000,Q
111,1,male,47,0,0,110465,52,C110,S
112,3,female,14.5,1,0,2665,14.4542,1000,C
113,3,male,22,0,0,324669,8.05,1000,S
114,3,female,20,1,0,4136,9.825,1000,S
115,3,female,17,0,0,2627,14.4583,1000,C
116,3,male,21,0,0,STON/O 2. 3101294,7.925,1000,S
117,3,male,70.5,0,0,370369,7.75,1000,Q
118,2,male,29,1,0,11668,21,1000,S
119,1,male,24,0,1,PC 17558,247.5208,B58 B60,C
120,3,female,2,4,2,347082,31.275,1000,S
121,2,male,21,2,0,S.O.C. 14879,73.5,1000,S
122,3,male,1000,0,0,A4. 54510,8.05,1000,S
123,2,male,32.5,1,0,237736,30.0708,1000,C
124,2,female,32.5,0,0,27267,13,E101,S
125,1,male,54,0,1,35281,77.2875,D26,S
126,3,male,12,1,0,2651,11.2417,1000,C
127,3,male,1000,0,0,370372,7.75,1000,Q
128,3,male,24,0,0,C 17369,7.1417,1000,S
129,3,female,1000,1,1,2668,22.3583,F E69,C
130,3,male,45,0,0,347061,6.975,1000,S
131,3,male,33,0,0,349241,7.8958,1000,C
132,3,male,20,0,0,SOTON/O.Q. 3101307,7.05,1000,S
133,3,female,47,1,0,A/5. 3337,14.5,1000,S
134,2,female,29,1,0,228414,26,1000,S
135,2,male,25,0,0,C.A. 29178,13,1000,S
136,2,male,23,0,0,SC/PARIS 2133,15.0458,1000,C
137,1,female,19,0,2,11752,26.2833,D47,S
138,1,male,37,1,0,113803,53.1,C123,S
139,3,male,16,0,0,7534,9.2167,1000,S
140,1,male,24,0,0,PC 17593,79.2,B86,C
141,3,female,1000,0,2,2678,15.2458,1000,C
142,3,female,22,0,0,347081,7.75,1000,S
143,3,female,24,1,0,STON/O2. 3101279,15.85,1000,S
144,3,male,19,0,0,365222,6.75,1000,Q
145,2,male,18,0,0,231945,11.5,1000,S
146,2,male,19,1,1,C.A. 33112,36.75,1000,S
147,3,male,27,0,0,350043,7.7958,1000,S
148,3,female,9,2,2,W./C. 6608,34.375,1000,S
149,2,male,36.5,0,2,230080,26,F2,S
150,2,male,42,0,0,244310,13,1000,S
151,2,male,51,0,0,S.O.P. 1166,12.525,1000,S
152,1,female,22,1,0,113776,66.6,C2,S
153,3,male,55.5,0,0,A.5. 11206,8.05,1000,S
154,3,male,40.5,0,2,A/5. 851,14.5,1000,S
155,3,male,1000,0,0,Fa 265302,7.3125,1000,S
156,1,male,51,0,1,PC 17597,61.3792,1000,C
157,3,female,16,0,0,35851,7.7333,1000,Q
158,3,male,30,0,0,SOTON/OQ 392090,8.05,1000,S
159,3,male,1000,0,0,315037,8.6625,1000,S
160,3,male,1000,8,2,CA. 2343,69.55,1000,S
161,3,male,44,0,1,371362,16.1,1000,S
162,2,female,40,0,0,C.A. 33595,15.75,1000,S
163,3,male,26,0,0,347068,7.775,1000,S
164,3,male,17,0,0,315093,8.6625,1000,S
165,3,male,1,4,1,3101295,39.6875,1000,S
166,3,male,9,0,2,363291,20.525,1000,S
167,1,female,1000,0,1,113505,55,E33,S
168,3,female,45,1,4,347088,27.9,1000,S
169,1,male,1000,0,0,PC 17318,25.925,1000,S
170,3,male,28,0,0,1601,56.4958,1000,S
171,1,male,61,0,0,111240,33.5,B19,S
172,3,male,4,4,1,382652,29.125,1000,Q
173,3,female,1,1,1,347742,11.1333,1000,S
174,3,male,21,0,0,STON/O 2. 3101280,7.925,1000,S
175,1,male,56,0,0,17764,30.6958,A7,C
176,3,male,18,1,1,350404,7.8542,1000,S
177,3,male,1000,3,1,4133,25.4667,1000,S
178,1,female,50,0,0,PC 17595,28.7125,C49,C
179,2,male,30,0,0,250653,13,1000,S
180,3,male,36,0,0,LINE,0,1000,S
181,3,female,1000,8,2,CA. 2343,69.55,1000,S
182,2,male,1000,0,0,SC/PARIS 2131,15.05,1000,C
183,3,male,9,4,2,347077,31.3875,1000,S
184,2,male,1,2,1,230136,39,F4,S
185,3,female,4,0,2,315153,22.025,1000,S
186,1,male,1000,0,0,113767,50,A32,S
187,3,female,1000,1,0,370365,15.5,1000,Q
188,1,male,45,0,0,111428,26.55,1000,S
189,3,male,40,1,1,364849,15.5,1000,Q
190,3,male,36,0,0,349247,7.8958,1000,S
191,2,female,32,0,0,234604,13,1000,S
192,2,male,19,0,0,28424,13,1000,S
193,3,female,19,1,0,350046,7.8542,1000,S
194,2,male,3,1,1,230080,26,F2,S
195,1,female,44,0,0,PC 17610,27.7208,B4,C
196,1,female,58,0,0,PC 17569,146.5208,B80,C
197,3,male,1000,0,0,368703,7.75,1000,Q
198,3,male,42,0,1,4579,8.4042,1000,S
199,3,female,1000,0,0,370370,7.75,1000,Q
200,2,female,24,0,0,248747,13,1000,S
201,3,male,28,0,0,345770,9.5,1000,S
202,3,male,1000,8,2,CA. 2343,69.55,1000,S
203,3,male,34,0,0,3101264,6.4958,1000,S
204,3,male,45.5,0,0,2628,7.225,1000,C
205,3,male,18,0,0,A/5 3540,8.05,1000,S
206,3,female,2,0,1,347054,10.4625,G6,S
207,3,male,32,1,0,3101278,15.85,1000,S
208,3,male,26,0,0,2699,18.7875,1000,C
209,3,female,16,0,0,367231,7.75,1000,Q
210,1,male,40,0,0,112277,31,A31,C
211,3,male,24,0,0,SOTON/O.Q. 3101311,7.05,1000,S
212,2,female,35,0,0,F.C.C. 13528,21,1000,S
213,3,male,22,0,0,A/5 21174,7.25,1000,S
214,2,male,30,0,0,250646,13,1000,S
215,3,male,1000,1,0,367229,7.75,1000,Q
216,1,female,31,1,0,35273,113.275,D36,C
217,3,female,27,0,0,STON/O2. 3101283,7.925,1000,S
218,2,male,42,1,0,243847,27,1000,S
219,1,female,32,0,0,11813,76.2917,D15,C
220,2,male,30,0,0,W/C 14208,10.5,1000,S
221,3,male,16,0,0,SOTON/OQ 392089,8.05,1000,S
222,2,male,27,0,0,220367,13,1000,S
223,3,male,51,0,0,21440,8.05,1000,S
224,3,male,1000,0,0,349234,7.8958,1000,S
225,1,male,38,1,0,19943,90,C93,S
226,3,male,22,0,0,PP 4348,9.35,1000,S
227,2,male,19,0,0,SW/PP 751,10.5,1000,S
228,3,male,20.5,0,0,A/5 21173,7.25,1000,S
229,2,male,18,0,0,236171,13,1000,S
230,3,female,1000,3,1,4133,25.4667,1000,S
231,1,female,35,1,0,36973,83.475,C83,S
232,3,male,29,0,0,347067,7.775,1000,S
233,2,male,59,0,0,237442,13.5,1000,S
234,3,female,5,4,2,347077,31.3875,1000,S
235,2,male,24,0,0,C.A. 29566,10.5,1000,S
236,3,female,1000,0,0,W./C. 6609,7.55,1000,S
237,2,male,44,1,0,26707,26,1000,S
238,2,female,8,0,2,C.A. 31921,26.25,1000,S
239,2,male,19,0,0,28665,10.5,1000,S
240,2,male,33,0,0,SCO/W 1585,12.275,1000,S
241,3,female,1000,1,0,2665,14.4542,1000,C
242,3,female,1000,1,0,367230,15.5,1000,Q
243,2,male,29,0,0,W./C. 14263,10.5,1000,S
244,3,male,22,0,0,STON/O 2. 3101275,7.125,1000,S
245,3,male,30,0,0,2694,7.225,1000,C
246,1,male,44,2,0,19928,90,C78,Q
247,3,female,25,0,0,347071,7.775,1000,S
248,2,female,24,0,2,250649,14.5,1000,S
249,1,male,37,1,1,11751,52.5542,D35,S
250,2,male,54,1,0,244252,26,1000,S
251,3,male,1000,0,0,362316,7.25,1000,S
252,3,female,29,1,1,347054,10.4625,G6,S
253,1,male,62,0,0,113514,26.55,C87,S
254,3,male,30,1,0,A/5. 3336,16.1,1000,S
255,3,female,41,0,2,370129,20.2125,1000,S
256,3,female,29,0,2,2650,15.2458,1000,C
257,1,female,1000,0,0,PC 17585,79.2,1000,C
258,1,female,30,0,0,110152,86.5,B77,S
259,1,female,35,0,0,PC 17755,512.3292,1000,C
260,2,female,50,0,1,230433,26,1000,S
261,3,male,1000,0,0,384461,7.75,1000,Q
262,3,male,3,4,2,347077,31.3875,1000,S
263,1,male,52,1,1,110413,79.65,E67,S
264,1,male,40,0,0,112059,0,B94,S
265,3,female,1000,0,0,382649,7.75,1000,Q
266,2,male,36,0,0,C.A. 17248,10.5,1000,S
267,3,male,16,4,1,3101295,39.6875,1000,S
268,3,male,25,1,0,347083,7.775,1000,S
269,1,female,58,0,1,PC 17582,153.4625,C125,S
270,1,female,35,0,0,PC 17760,135.6333,C99,S
271,1,male,1000,0,0,113798,31,1000,S
272,3,male,25,0,0,LINE,0,1000,S
273,2,female,41,0,1,250644,19.5,1000,S
274,1,male,37,0,1,PC 17596,29.7,C118,C
275,3,female,1000,0,0,370375,7.75,1000,Q
276,1,female,63,1,0,13502,77.9583,D7,S
277,3,female,45,0,0,347073,7.75,1000,S
278,2,male,1000,0,0,239853,0,1000,S
279,3,male,7,4,1,382652,29.125,1000,Q
280,3,female,35,1,1,C.A. 2673,20.25,1000,S
281,3,male,65,0,0,336439,7.75,1000,Q
282,3,male,28,0,0,347464,7.8542,1000,S
283,3,male,16,0,0,345778,9.5,1000,S
284,3,male,19,0,0,A/5. 10482,8.05,1000,S
285,1,male,1000,0,0,113056,26,A19,S
286,3,male,33,0,0,349239,8.6625,1000,C
287,3,male,30,0,0,345774,9.5,1000,S
288,3,male,22,0,0,349206,7.8958,1000,S
289,2,male,42,0,0,237798,13,1000,S
290,3,female,22,0,0,370373,7.75,1000,Q
291,1,female,26,0,0,19877,78.85,1000,S
292,1,female,19,1,0,11967,91.0792,B49,C
293,2,male,36,0,0,SC/Paris 2163,12.875,D,C
294,3,female,24,0,0,349236,8.85,1000,S
295,3,male,24,0,0,349233,7.8958,1000,S
296,1,male,1000,0,0,PC 17612,27.7208,1000,C
297,3,male,23.5,0,0,2693,7.2292,1000,C
298,1,female,2,1,2,113781,151.55,C22 C26,S
299,1,male,1000,0,0,19988,30.5,C106,S
300,1,female,50,0,1,PC 17558,247.5208,B58 B60,C
301,3,female,1000,0,0,9234,7.75,1000,Q
302,3,male,1000,2,0,367226,23.25,1000,Q
303,3,male,19,0,0,LINE,0,1000,S
304,2,female,1000,0,0,226593,12.35,E101,Q
305,3,male,1000,0,0,A/5 2466,8.05,1000,S
306,1,male,0.92,1,2,113781,151.55,C22 C26,S
307,1,female,1000,0,0,17421,110.8833,1000,C
308,1,female,17,1,0,PC 17758,108.9,C65,C
309,2,male,30,1,0,P/PP 3381,24,1000,C
310,1,female,30,0,0,PC 17485,56.9292,E36,C
311,1,female,24,0,0,11767,83.1583,C54,C
312,1,female,18,2,2,PC 17608,262.375,B57 B59 B63 B66,C
313,2,female,26,1,1,250651,26,1000,S
314,3,male,28,0,0,349243,7.8958,1000,S
315,2,male,43,1,1,F.C.C. 13529,26.25,1000,S
316,3,female,26,0,0,347470,7.8542,1000,S
317,2,female,24,1,0,244367,26,1000,S
318,2,male,54,0,0,29011,14,1000,S
319,1,female,31,0,2,36928,164.8667,C7,S
320,1,female,40,1,1,16966,134.5,E34,C
321,3,male,22,0,0,A/5 21172,7.25,1000,S
322,3,male,27,0,0,349219,7.8958,1000,S
323,2,female,30,0,0,234818,12.35,1000,Q
324,2,female,22,1,1,248738,29,1000,S
325,3,male,1000,8,2,CA. 2343,69.55,1000,S
326,1,female,36,0,0,PC 17760,135.6333,C32,C
327,3,male,61,0,0,345364,6.2375,1000,S
328,2,female,36,0,0,28551,13,D,S
329,3,female,31,1,1,363291,20.525,1000,S
330,1,female,16,0,1,111361,57.9792,B18,C
331,3,female,1000,2,0,367226,23.25,1000,Q
332,1,male,45.5,0,0,113043,28.5,C124,S
333,1,male,38,0,1,PC 17582,153.4625,C91,S
334,3,male,16,2,0,345764,18,1000,S
335,1,female,1000,1,0,PC 17611,133.65,1000,S
336,3,male,1000,0,0,349225,7.8958,1000,S
337,1,male,29,1,0,113776,66.6,C2,S
338,1,female,41,0,0,16966,134.5,E40,C
339,3,male,45,0,0,7598,8.05,1000,S
340,1,male,45,0,0,113784,35.5,T,S
341,2,male,2,1,1,230080,26,F2,S
342,1,female,24,3,2,19950,263,C23 C25 C27,S
343,2,male,28,0,0,248740,13,1000,S
344,2,male,25,0,0,244361,13,1000,S
345,2,male,36,0,0,229236,13,1000,S
346,2,female,24,0,0,248733,13,F33,S
347,2,female,40,0,0,31418,13,1000,S
348,3,female,1000,1,0,386525,16.1,1000,S
349,3,male,3,1,1,C.A. 37671,15.9,1000,S
350,3,male,42,0,0,315088,8.6625,1000,S
351,3,male,23,0,0,7267,9.225,1000,S
352,1,male,1000,0,0,113510,35,C128,S
353,3,male,15,1,1,2695,7.2292,1000,C
354,3,male,25,1,0,349237,17.8,1000,S
355,3,male,1000,0,0,2647,7.225,1000,C
356,3,male,28,0,0,345783,9.5,1000,S
357,1,female,22,0,1,113505,55,E33,S
358,2,female,38,0,0,237671,13,1000,S
359,3,female,1000,0,0,330931,7.8792,1000,Q
360,3,female,1000,0,0,330980,7.8792,1000,Q
361,3,male,40,1,4,347088,27.9,1000,S
362,2,male,29,1,0,SC/PARIS 2167,27.7208,1000,C
363,3,female,45,0,1,2691,14.4542,1000,C
364,3,male,35,0,0,SOTON/O.Q. 3101310,7.05,1000,S
365,3,male,1000,1,0,370365,15.5,1000,Q
366,3,male,30,0,0,C 7076,7.25,1000,S
367,1,female,60,1,0,110813,75.25,D37,C
368,3,female,1000,0,0,2626,7.2292,1000,C
369,3,female,1000,0,0,14313,7.75,1000,Q
370,1,female,24,0,0,PC 17477,69.3,B35,C
371,1,male,25,1,0,11765,55.4417,E50,C
372,3,male,18,1,0,3101267,6.4958,1000,S
373,3,male,19,0,0,323951,8.05,1000,S
374,1,male,22,0,0,PC 17760,135.6333,1000,C
375,3,female,3,3,1,349909,21.075,1000,S
376,1,female,1000,1,0,PC 17604,82.1708,1000,C
377,3,female,22,0,0,C 7077,7.25,1000,S
378,1,male,27,0,2,113503,211.5,C82,C
379,3,male,20,0,0,2648,4.0125,1000,C
380,3,male,19,0,0,347069,7.775,1000,S
381,1,female,42,0,0,PC 17757,227.525,1000,C
382,3,female,1,0,2,2653,15.7417,1000,C
383,3,male,32,0,0,STON/O 2. 3101293,7.925,1000,S
384,1,female,35,1,0,113789,52,1000,S
385,3,male,1000,0,0,349227,7.8958,1000,S
386,2,male,18,0,0,S.O.C. 14879,73.5,1000,S
387,3,male,1,5,2,CA 2144,46.9,1000,S
388,2,female,36,0,0,27849,13,1000,S
389,3,male,1000,0,0,367655,7.7292,1000,Q
390,2,female,17,0,0,SC 1748,12,1000,C
391,1,male,36,1,2,113760,120,B96 B98,S
392,3,male,21,0,0,350034,7.7958,1000,S
393,3,male,28,2,0,3101277,7.925,1000,S
394,1,female,23,1,0,35273,113.275,D36,C
395,3,female,24,0,2,PP 9549,16.7,G6,S
396,3,male,22,0,0,350052,7.7958,1000,S
397,3,female,31,0,0,350407,7.8542,1000,S
398,2,male,46,0,0,28403,26,1000,S
399,2,male,23,0,0,244278,10.5,1000,S
400,2,female,28,0,0,240929,12.65,1000,S
401,3,male,39,0,0,STON/O 2. 3101289,7.925,1000,S
402,3,male,26,0,0,341826,8.05,1000,S
403,3,female,21,1,0,4137,9.825,1000,S
404,3,male,28,1,0,STON/O2. 3101279,15.85,1000,S
405,3,female,20,0,0,315096,8.6625,1000,S
406,2,male,34,1,0,28664,21,1000,S
407,3,male,51,0,0,347064,7.75,1000,S
408,2,male,3,1,1,29106,18.75,1000,S
409,3,male,21,0,0,312992,7.775,1000,S
410,3,female,1000,3,1,4133,25.4667,1000,S
411,3,male,1000,0,0,349222,7.8958,1000,S
412,3,male,1000,0,0,394140,6.8583,1000,Q
413,1,female,33,1,0,19928,90,C78,Q
414,2,male,1000,0,0,239853,0,1000,S
415,3,male,44,0,0,STON/O 2. 3101269,7.925,1000,S
416,3,female,1000,0,0,343095,8.05,1000,S
417,2,female,34,1,1,28220,32.5,1000,S
418,2,female,18,0,2,250652,13,1000,S
419,2,male,30,0,0,28228,13,1000,S
420,3,female,10,0,2,345773,24.15,1000,S
421,3,male,1000,0,0,349254,7.8958,1000,C
422,3,male,21,0,0,A/5. 13032,7.7333,1000,Q
423,3,male,29,0,0,315082,7.875,1000,S
424,3,female,28,1,1,347080,14.4,1000,S
425,3,male,18,1,1,370129,20.2125,1000,S
426,3,male,1000,0,0,A/4. 34244,7.25,1000,S
427,2,female,28,1,0,2003,26,1000,S
428,2,female,19,0,0,250655,26,1000,S
429,3,male,1000,0,0,364851,7.75,1000,Q
430,3,male,32,0,0,SOTON/O.Q. 392078,8.05,E10,S
431,1,male,28,0,0,110564,26.55,C52,S
432,3,female,1000,1,0,376564,16.1,1000,S
433,2,female,42,1,0,SC/AH 3085,26,1000,S
434,3,male,17,0,0,STON/O 2. 3101274,7.125,1000,S
435,1,male,50,1,0,13507,55.9,E44,S
436,1,female,14,1,2,113760,120,B96 B98,S
437,3,female,21,2,2,W./C. 6608,34.375,1000,S
438,2,female,24,2,3,29106,18.75,1000,S
439,1,male,64,1,4,19950,263,C23 C25 C27,S
440,2,male,31,0,0,C.A. 18723,10.5,1000,S
441,2,female,45,1,1,F.C.C. 13529,26.25,1000,S
442,3,male,20,0,0,345769,9.5,1000,S
443,3,male,25,1,0,347076,7.775,1000,S
444,2,female,28,0,0,230434,13,1000,S
445,3,male,1000,0,0,65306,8.1125,1000,S
446,1,male,4,0,2,33638,81.8583,A34,S
447,2,female,13,0,1,250644,19.5,1000,S
448,1,male,34,0,0,113794,26.55,1000,S
449,3,female,5,2,1,2666,19.2583,1000,C
450,1,male,52,0,0,113786,30.5,C104,S
451,2,male,36,1,2,C.A. 34651,27.75,1000,S
452,3,male,1000,1,0,65303,19.9667,1000,S
453,1,male,30,0,0,113051,27.75,C111,C
454,1,male,49,1,0,17453,89.1042,C92,C
455,3,male,1000,0,0,A/5 2817,8.05,1000,S
456,3,male,29,0,0,349240,7.8958,1000,C
457,1,male,65,0,0,13509,26.55,E38,S
458,1,female,1000,1,0,17464,51.8625,D21,S
459,2,female,50,0,0,F.C.C. 13531,10.5,1000,S
460,3,male,1000,0,0,371060,7.75,1000,Q
461,1,male,48,0,0,19952,26.55,E12,S
462,3,male,34,0,0,364506,8.05,1000,S
463,1,male,47,0,0,111320,38.5,E63,S
464,2,male,48,0,0,234360,13,1000,S
465,3,male,1000,0,0,A/S 2816,8.05,1000,S
466,3,male,38,0,0,SOTON/O.Q. 3101306,7.05,1000,S
467,2,male,1000,0,0,239853,0,1000,S
468,1,male,56,0,0,113792,26.55,1000,S
469,3,male,1000,0,0,36209,7.725,1000,Q
470,3,female,0.75,2,1,2666,19.2583,1000,C
471,3,male,1000,0,0,323592,7.25,1000,S
472,3,male,38,0,0,315089,8.6625,1000,S
473,2,female,33,1,2,C.A. 34651,27.75,1000,S
474,2,female,23,0,0,SC/AH Basle 541,13.7917,D,C
475,3,female,22,0,0,7553,9.8375,1000,S
476,1,male,1000,0,0,110465,52,A14,S
477,2,male,34,1,0,31027,21,1000,S
478,3,male,29,1,0,3460,7.0458,1000,S
479,3,male,22,0,0,350060,7.5208,1000,S
480,3,female,2,0,1,3101298,12.2875,1000,S
481,3,male,9,5,2,CA 2144,46.9,1000,S
482,2,male,1000,0,0,239854,0,1000,S
483,3,male,50,0,0,A/5 3594,8.05,1000,S
484,3,female,63,0,0,4134,9.5875,1000,S
485,1,male,25,1,0,11967,91.0792,B49,C
486,3,female,1000,3,1,4133,25.4667,1000,S
487,1,female,35,1,0,19943,90,C93,S
488,1,male,58,0,0,11771,29.7,B37,C
489,3,male,30,0,0,A.5. 18509,8.05,1000,S
490,3,male,9,1,1,C.A. 37671,15.9,1000,S
491,3,male,1000,1,0,65304,19.9667,1000,S
492,3,male,21,0,0,SOTON/OQ 3101317,7.25,1000,S
493,1,male,55,0,0,113787,30.5,C30,S
494,1,male,71,0,0,PC 17609,49.5042,1000,C
495,3,male,21,0,0,A/4 45380,8.05,1000,S
496,3,male,1000,0,0,2627,14.4583,1000,C
497,1,female,54,1,0,36947,78.2667,D20,C
498,3,male,1000,0,0,C.A. 6212,15.1,1000,S
499,1,female,25,1,2,113781,151.55,C22 C26,S
500,3,male,24,0,0,350035,7.7958,1000,S
501,3,male,17,0,0,315086,8.6625,1000,S
502,3,female,21,0,0,364846,7.75,1000,Q
503,3,female,1000,0,0,330909,7.6292,1000,Q
504,3,female,37,0,0,4135,9.5875,1000,S
505,1,female,16,0,0,110152,86.5,B79,S
506,1,male,18,1,0,PC 17758,108.9,C65,C
507,2,female,33,0,2,26360,26,1000,S
508,1,male,1000,0,0,111427,26.55,1000,S
509,3,male,28,0,0,C 4001,22.525,1000,S
510,3,male,26,0,0,1601,56.4958,1000,S
511,3,male,29,0,0,382651,7.75,1000,Q
512,3,male,1000,0,0,SOTON/OQ 3101316,8.05,1000,S
513,1,male,36,0,0,PC 17473,26.2875,E25,S
514,1,female,54,1,0,PC 17603,59.4,1000,C
515,3,male,24,0,0,349209,7.4958,1000,S
516,1,male,47,0,0,36967,34.0208,D46,S
517,2,female,34,0,0,C.A. 34260,10.5,F33,S
518,3,male,1000,0,0,371110,24.15,1000,Q
519,2,female,36,1,0,226875,26,1000,S
520,3,male,32,0,0,349242,7.8958,1000,S
521,1,female,30,0,0,12749,93.5,B73,S
522,3,male,22,0,0,349252,7.8958,1000,S
523,3,male,1000,0,0,2624,7.225,1000,C
524,1,female,44,0,1,111361,57.9792,B18,C
525,3,male,1000,0,0,2700,7.2292,1000,C
526,3,male,40.5,0,0,367232,7.75,1000,Q
527,2,female,50,0,0,W./C. 14258,10.5,1000,S
528,1,male,1000,0,0,PC 17483,221.7792,C95,S
529,3,male,39,0,0,3101296,7.925,1000,S
530,2,male,23,2,1,29104,11.5,1000,S
531,2,female,2,1,1,26360,26,1000,S
532,3,male,1000,0,0,2641,7.2292,1000,C
533,3,male,17,1,1,2690,7.2292,1000,C
534,3,female,1000,0,2,2668,22.3583,1000,C
535,3,female,30,0,0,315084,8.6625,1000,S
536,2,female,7,0,2,F.C.C. 13529,26.25,1000,S
537,1,male,45,0,0,113050,26.55,B38,S
538,1,female,30,0,0,PC 17761,106.425,1000,C
539,3,male,1000,0,0,364498,14.5,1000,S
540,1,female,22,0,2,13568,49.5,B39,C
541,1,female,36,0,2,WE/P 5735,71,B22,S
542,3,female,9,4,2,347082,31.275,1000,S
543,3,female,11,4,2,347082,31.275,1000,S
544,2,male,32,1,0,2908,26,1000,S
545,1,male,50,1,0,PC 17761,106.425,C86,C
546,1,male,64,0,0,693,26,1000,S
547,2,female,19,1,0,2908,26,1000,S
548,2,male,1000,0,0,SC/PARIS 2146,13.8625,1000,C
549,3,male,33,1,1,363291,20.525,1000,S
550,2,male,8,1,1,C.A. 33112,36.75,1000,S
551,1,male,17,0,2,17421,110.8833,C70,C
552,2,male,27,0,0,244358,26,1000,S
553,3,male,1000,0,0,330979,7.8292,1000,Q
554,3,male,22,0,0,2620,7.225,1000,C
555,3,female,22,0,0,347085,7.775,1000,S
556,1,male,62,0,0,113807,26.55,1000,S
557,1,female,48,1,0,11755,39.6,A16,C
558,1,male,1000,0,0,PC 17757,227.525,1000,C
559,1,female,39,1,1,110413,79.65,E67,S
560,3,female,36,1,0,345572,17.4,1000,S
561,3,male,1000,0,0,372622,7.75,1000,Q
562,3,male,40,0,0,349251,7.8958,1000,S
563,2,male,28,0,0,218629,13.5,1000,S
564,3,male,1000,0,0,SOTON/OQ 392082,8.05,1000,S
565,3,female,1000,0,0,SOTON/O.Q. 392087,8.05,1000,S
566,3,male,24,2,0,A/4 48871,24.15,1000,S
567,3,male,19,0,0,349205,7.8958,1000,S
568,3,female,29,0,4,349909,21.075,1000,S
569,3,male,1000,0,0,2686,7.2292,1000,C
570,3,male,32,0,0,350417,7.8542,1000,S
571,2,male,62,0,0,S.W./PP 752,10.5,1000,S
572,1,female,53,2,0,11769,51.4792,C101,S
573,1,male,36,0,0,PC 17474,26.3875,E25,S
574,3,female,1000,0,0,14312,7.75,1000,Q
575,3,male,16,0,0,A/4. 20589,8.05,1000,S
576,3,male,19,0,0,358585,14.5,1000,S
577,2,female,34,0,0,243880,13,1000,S
578,1,female,39,1,0,13507,55.9,E44,S
579,3,female,1000,1,0,2689,14.4583,1000,C
580,3,male,32,0,0,STON/O 2. 3101286,7.925,1000,S
581,2,female,25,1,1,237789,30,1000,S
582,1,female,39,1,1,17421,110.8833,C68,C
583,2,male,54,0,0,28403,26,1000,S
584,1,male,36,0,0,13049,40.125,A10,C
585,3,male,1000,0,0,3411,8.7125,1000,C
586,1,female,18,0,2,110413,79.65,E68,S
587,2,male,47,0,0,237565,15,1000,S
588,1,male,60,1,1,13567,79.2,B41,C
589,3,male,22,0,0,14973,8.05,1000,S
590,3,male,1000,0,0,A./5. 3235,8.05,1000,S
591,3,male,35,0,0,STON/O 2. 3101273,7.125,1000,S
592,1,female,52,1,0,36947,78.2667,D20,C
593,3,male,47,0,0,A/5 3902,7.25,1000,S
594,3,female,1000,0,2,364848,7.75,1000,Q
595,2,male,37,1,0,SC/AH 29037,26,1000,S
596,3,male,36,1,1,345773,24.15,1000,S
597,2,female,1000,0,0,248727,33,1000,S
598,3,male,49,0,0,LINE,0,1000,S
599,3,male,1000,0,0,2664,7.225,1000,C
600,1,male,49,1,0,PC 17485,56.9292,A20,C
601,2,female,24,2,1,243847,27,1000,S
602,3,male,1000,0,0,349214,7.8958,1000,S
603,1,male,1000,0,0,113796,42.4,1000,S
604,3,male,44,0,0,364511,8.05,1000,S
605,1,male,35,0,0,111426,26.55,1000,C
606,3,male,36,1,0,349910,15.55,1000,S
607,3,male,30,0,0,349246,7.8958,1000,S
608,1,male,27,0,0,113804,30.5,1000,S
609,2,female,22,1,2,SC/Paris 2123,41.5792,1000,C
610,1,female,40,0,0,PC 17582,153.4625,C125,S
611,3,female,39,1,5,347082,31.275,1000,S
612,3,male,1000,0,0,SOTON/O.Q. 3101305,7.05,1000,S
613,3,female,1000,1,0,367230,15.5,1000,Q
614,3,male,1000,0,0,370377,7.75,1000,Q
615,3,male,35,0,0,364512,8.05,1000,S
616,2,female,24,1,2,220845,65,1000,S
617,3,male,34,1,1,347080,14.4,1000,S
618,3,female,26,1,0,A/5. 3336,16.1,1000,S
619,2,female,4,2,1,230136,39,F4,S
620,2,male,26,0,0,31028,10.5,1000,S
621,3,male,27,1,0,2659,14.4542,1000,C
622,1,male,42,1,0,11753,52.5542,D19,S
623,3,male,20,1,1,2653,15.7417,1000,C
624,3,male,21,0,0,350029,7.8542,1000,S
625,3,male,21,0,0,54636,16.1,1000,S
626,1,male,61,0,0,36963,32.3208,D50,S
627,2,male,57,0,0,219533,12.35,1000,Q
628,1,female,21,0,0,13502,77.9583,D9,S
629,3,male,26,0,0,349224,7.8958,1000,S
630,3,male,1000,0,0,334912,7.7333,1000,Q
631,1,male,80,0,0,27042,30,A23,S
632,3,male,51,0,0,347743,7.0542,1000,S
633,1,male,32,0,0,13214,30.5,B50,C
634,1,male,1000,0,0,112052,0,1000,S
635,3,female,9,3,2,347088,27.9,1000,S
636,2,female,28,0,0,237668,13,1000,S
637,3,male,32,0,0,STON/O 2. 3101292,7.925,1000,S
638,2,male,31,1,1,C.A. 31921,26.25,1000,S
639,3,female,41,0,5,3101295,39.6875,1000,S
640,3,male,1000,1,0,376564,16.1,1000,S
641,3,male,20,0,0,350050,7.8542,1000,S
642,1,female,24,0,0,PC 17477,69.3,B35,C
643,3,female,2,3,2,347088,27.9,1000,S
644,3,male,1000,0,0,1601,56.4958,1000,S
645,3,female,0.75,2,1,2666,19.2583,1000,C
646,1,male,48,1,0,PC 17572,76.7292,D33,C
647,3,male,19,0,0,349231,7.8958,1000,S
648,1,male,56,0,0,13213,35.5,A26,C
649,3,male,1000,0,0,S.O./P.P. 751,7.55,1000,S
650,3,female,23,0,0,CA. 2314,7.55,1000,S
651,3,male,1000,0,0,349221,7.8958,1000,S
652,2,female,18,0,1,231919,23,1000,S
653,3,male,21,0,0,8475,8.4333,1000,S
654,3,female,1000,0,0,330919,7.8292,1000,Q
655,3,female,18,0,0,365226,6.75,1000,Q
656,2,male,24,2,0,S.O.C. 14879,73.5,1000,S
657,3,male,1000,0,0,349223,7.8958,1000,S
658,3,female,32,1,1,364849,15.5,1000,Q
659,2,male,23,0,0,29751,13,1000,S
660,1,male,58,0,2,35273,113.275,D48,C
661,1,male,50,2,0,PC 17611,133.65,1000,S
662,3,male,40,0,0,2623,7.225,1000,C
663,1,male,47,0,0,5727,25.5875,E58,S
664,3,male,36,0,0,349210,7.4958,1000,S
665,3,male,20,1,0,STON/O 2. 3101285,7.925,1000,S
666,2,male,32,2,0,S.O.C. 14879,73.5,1000,S
667,2,male,25,0,0,234686,13,1000,S
668,3,male,1000,0,0,312993,7.775,1000,S
669,3,male,43,0,0,A/5 3536,8.05,1000,S
670,1,female,1000,1,0,19996,52,C126,S
671,2,female,40,1,1,29750,39,1000,S
672,1,male,31,1,0,F.C. 12750,52,B71,S
673,2,male,70,0,0,C.A. 24580,10.5,1000,S
674,2,male,31,0,0,244270,13,1000,S
675,2,male,1000,0,0,239856,0,1000,S
676,3,male,18,0,0,349912,7.775,1000,S
677,3,male,24.5,0,0,342826,8.05,1000,S
678,3,female,18,0,0,4138,9.8417,1000,S
679,3,female,43,1,6,CA 2144,46.9,1000,S
680,1,male,36,0,1,PC 17755,512.3292,B51 B53 B55,C
681,3,female,1000,0,0,330935,8.1375,1000,Q
682,1,male,27,0,0,PC 17572,76.7292,D49,C
683,3,male,20,0,0,6563,9.225,1000,S
684,3,male,14,5,2,CA 2144,46.9,1000,S
685,2,male,60,1,1,29750,39,1000,S
686,2,male,25,1,2,SC/Paris 2123,41.5792,1000,C
687,3,male,14,4,1,3101295,39.6875,1000,S
688,3,male,19,0,0,349228,10.1708,1000,S
689,3,male,18,0,0,350036,7.7958,1000,S
690,1,female,15,0,1,24160,211.3375,B5,S
691,1,male,31,1,0,17474,57,B20,S
692,3,female,4,0,1,349256,13.4167,1000,C
693,3,male,1000,0,0,1601,56.4958,1000,S
694,3,male,25,0,0,2672,7.225,1000,C
695,1,male,60,0,0,113800,26.55,1000,S
696,2,male,52,0,0,248731,13.5,1000,S
697,3,male,44,0,0,363592,8.05,1000,S
698,3,female,1000,0,0,35852,7.7333,1000,Q
699,1,male,49,1,1,17421,110.8833,C68,C
700,3,male,42,0,0,348121,7.65,F G63,S
701,1,female,18,1,0,PC 17757,227.525,C62 C64,C
702,1,male,35,0,0,PC 17475,26.2875,E24,S
703,3,female,18,0,1,2691,14.4542,1000,C
704,3,male,25,0,0,36864,7.7417,1000,Q
705,3,male,26,1,0,350025,7.8542,1000,S
706,2,male,39,0,0,250655,26,1000,S
707,2,female,45,0,0,223596,13.5,1000,S
708,1,male,42,0,0,PC 17476,26.2875,E24,S
709,1,female,22,0,0,113781,151.55,1000,S
710,3,male,1000,1,1,2661,15.2458,1000,C
711,1,female,24,0,0,PC 17482,49.5042,C90,C
712,1,male,1000,0,0,113028,26.55,C124,S
713,1,male,48,1,0,19996,52,C126,S
714,3,male,29,0,0,7545,9.4833,1000,S
715,2,male,52,0,0,250647,13,1000,S
716,3,male,19,0,0,348124,7.65,F G73,S
717,1,female,38,0,0,PC 17757,227.525,C45,C
718,2,female,27,0,0,34218,10.5,E101,S
719,3,male,1000,0,0,36568,15.5,1000,Q
720,3,male,33,0,0,347062,7.775,1000,S
721,2,female,6,0,1,248727,33,1000,S
722,3,male,17,1,0,350048,7.0542,1000,S
723,2,male,34,0,0,12233,13,1000,S
724,2,male,50,0,0,250643,13,1000,S
725,1,male,27,1,0,113806,53.1,E8,S
726,3,male,20,0,0,315094,8.6625,1000,S
727,2,female,30,3,0,31027,21,1000,S
728,3,female,1000,0,0,36866,7.7375,1000,Q
729,2,male,25,1,0,236853,26,1000,S
730,3,female,25,1,0,STON/O2. 3101271,7.925,1000,S
731,1,female,29,0,0,24160,211.3375,B5,S
732,3,male,11,0,0,2699,18.7875,1000,C
733,2,male,1000,0,0,239855,0,1000,S
734,2,male,23,0,0,28425,13,1000,S
735,2,male,23,0,0,233639,13,1000,S
736,3,male,28.5,0,0,54636,16.1,1000,S
737,3,female,48,1,3,W./C. 6608,34.375,1000,S
738,1,male,35,0,0,PC 17755,512.3292,B101,C
739,3,male,1000,0,0,349201,7.8958,1000,S
740,3,male,1000,0,0,349218,7.8958,1000,S
741,1,male,1000,0,0,16988,30,D45,S
742,1,male,36,1,0,19877,78.85,C46,S
743,1,female,21,2,2,PC 17608,262.375,B57 B59 B63 B66,C
744,3,male,24,1,0,376566,16.1,1000,S
745,3,male,31,0,0,STON/O 2. 3101288,7.925,1000,S
746,1,male,70,1,1,WE/P 5735,71,B22,S
747,3,male,16,1,1,C.A. 2673,20.25,1000,S
748,2,female,30,0,0,250648,13,1000,S
749,1,male,19,1,0,113773,53.1,D30,S
750,3,male,31,0,0,335097,7.75,1000,Q
751,2,female,4,1,1,29103,23,1000,S
752,3,male,6,0,1,392096,12.475,E121,S
753,3,male,33,0,0,345780,9.5,1000,S
754,3,male,23,0,0,349204,7.8958,1000,S
755,2,female,48,1,2,220845,65,1000,S
756,2,male,0.67,1,1,250649,14.5,1000,S
757,3,male,28,0,0,350042,7.7958,1000,S
758,2,male,18,0,0,29108,11.5,1000,S
759,3,male,34,0,0,363294,8.05,1000,S
760,1,female,33,0,0,110152,86.5,B77,S
761,3,male,1000,0,0,358585,14.5,1000,S
762,3,male,41,0,0,SOTON/O2 3101272,7.125,1000,S
763,3,male,20,0,0,2663,7.2292,1000,C
764,1,female,36,1,2,113760,120,B96 B98,S
765,3,male,16,0,0,347074,7.775,1000,S
766,1,female,51,1,0,13502,77.9583,D11,S
767,1,male,1000,0,0,112379,39.6,1000,C
768,3,female,30.5,0,0,364850,7.75,1000,Q
769,3,male,1000,1,0,371110,24.15,1000,Q
770,3,male,32,0,0,8471,8.3625,1000,S
771,3,male,24,0,0,345781,9.5,1000,S
772,3,male,48,0,0,350047,7.8542,1000,S
773,2,female,57,0,0,S.O./P.P. 3,10.5,E77,S
774,3,male,1000,0,0,2674,7.225,1000,C
775,2,female,54,1,3,29105,23,1000,S
776,3,male,18,0,0,347078,7.75,1000,S
777,3,male,1000,0,0,383121,7.75,F38,Q
778,3,female,5,0,0,364516,12.475,1000,S
779,3,male,1000,0,0,36865,7.7375,1000,Q
780,1,female,43,0,1,24160,211.3375,B3,S
781,3,female,13,0,0,2687,7.2292,1000,C
782,1,female,17,1,0,17474,57,B20,S
783,1,male,29,0,0,113501,30,D6,S
784,3,male,1000,1,2,W./C. 6607,23.45,1000,S
785,3,male,25,0,0,SOTON/O.Q. 3101312,7.05,1000,S
786,3,male,25,0,0,374887,7.25,1000,S
787,3,female,18,0,0,3101265,7.4958,1000,S
788,3,male,8,4,1,382652,29.125,1000,Q
789,3,male,1,1,2,C.A. 2315,20.575,1000,S
790,1,male,46,0,0,PC 17593,79.2,B82 B84,C
791,3,male,1000,0,0,12460,7.75,1000,Q
792,2,male,16,0,0,239865,26,1000,S
793,3,female,1000,8,2,CA. 2343,69.55,1000,S
794,1,male,1000,0,0,PC 17600,30.6958,1000,C
795,3,male,25,0,0,349203,7.8958,1000,S
796,2,male,39,0,0,28213,13,1000,S
797,1,female,49,0,0,17465,25.9292,D17,S
798,3,female,31,0,0,349244,8.6833,1000,S
799,3,male,30,0,0,2685,7.2292,1000,C
800,3,female,30,1,1,345773,24.15,1000,S
801,2,male,34,0,0,250647,13,1000,S
802,2,female,31,1,1,C.A. 31921,26.25,1000,S
803,1,male,11,1,2,113760,120,B96 B98,S
804,3,male,0.42,0,1,2625,8.5167,1000,C
805,3,male,27,0,0,347089,6.975,1000,S
806,3,male,31,0,0,347063,7.775,1000,S
807,1,male,39,0,0,112050,0,A36,S
808,3,female,18,0,0,347087,7.775,1000,S
809,2,male,39,0,0,248723,13,1000,S
810,1,female,33,1,0,113806,53.1,E8,S
811,3,male,26,0,0,3474,7.8875,1000,S
812,3,male,39,0,0,A/4 48871,24.15,1000,S
813,2,male,35,0,0,28206,10.5,1000,S
814,3,female,6,4,2,347082,31.275,1000,S
815,3,male,30.5,0,0,364499,8.05,1000,S
816,1,male,1000,0,0,112058,0,B102,S
817,3,female,23,0,0,STON/O2. 3101290,7.925,1000,S
818,2,male,31,1,1,S.C./PARIS 2079,37.0042,1000,C
819,3,male,43,0,0,C 7075,6.45,1000,S
820,3,male,10,3,2,347088,27.9,1000,S
821,1,female,52,1,1,12749,93.5,B69,S
822,3,male,27,0,0,315098,8.6625,1000,S
823,1,male,38,0,0,19972,0,1000,S
824,3,female,27,0,1,392096,12.475,E121,S
825,3,male,2,4,1,3101295,39.6875,1000,S
826,3,male,1000,0,0,368323,6.95,1000,Q
827,3,male,1000,0,0,1601,56.4958,1000,S
828,2,male,1,0,2,S.C./PARIS 2079,37.0042,1000,C
829,3,male,1000,0,0,367228,7.75,1000,Q
830,1,female,62,0,0,113572,80,B28,
831,3,female,15,1,0,2659,14.4542,1000,C
832,2,male,0.83,1,1,29106,18.75,1000,S
833,3,male,1000,0,0,2671,7.2292,1000,C
834,3,male,23,0,0,347468,7.8542,1000,S
835,3,male,18,0,0,2223,8.3,1000,S
836,1,female,39,1,1,PC 17756,83.1583,E49,C
837,3,male,21,0,0,315097,8.6625,1000,S
838,3,male,1000,0,0,392092,8.05,1000,S
839,3,male,32,0,0,1601,56.4958,1000,S
840,1,male,1000,0,0,11774,29.7,C47,C
841,3,male,20,0,0,SOTON/O2 3101287,7.925,1000,S
842,2,male,16,0,0,S.O./P.P. 3,10.5,1000,S
843,1,female,30,0,0,113798,31,1000,C
844,3,male,34.5,0,0,2683,6.4375,1000,C
845,3,male,17,0,0,315090,8.6625,1000,S
846,3,male,42,0,0,C.A. 5547,7.55,1000,S
847,3,male,1000,8,2,CA. 2343,69.55,1000,S
848,3,male,35,0,0,349213,7.8958,1000,C
849,2,male,28,0,1,248727,33,1000,S
850,1,female,1000,1,0,17453,89.1042,C92,C
851,3,male,4,4,2,347082,31.275,1000,S
852,3,male,74,0,0,347060,7.775,1000,S
853,3,female,9,1,1,2678,15.2458,1000,C
854,1,female,16,0,1,PC 17592,39.4,D28,S
855,2,female,44,1,0,244252,26,1000,S
856,3,female,18,0,1,392091,9.35,1000,S
857,1,female,45,1,1,36928,164.8667,1000,S
858,1,male,51,0,0,113055,26.55,E17,S
859,3,female,24,0,3,2666,19.2583,1000,C
860,3,male,1000,0,0,2629,7.2292,1000,C
861,3,male,41,2,0,350026,14.1083,1000,S
862,2,male,21,1,0,28134,11.5,1000,S
863,1,female,48,0,0,17466,25.9292,D17,S
864,3,female,1000,8,2,CA. 2343,69.55,1000,S
865,2,male,24,0,0,233866,13,1000,S
866,2,female,42,0,0,236852,13,1000,S
867,2,female,27,1,0,SC/PARIS 2149,13.8583,1000,C
868,1,male,31,0,0,PC 17590,50.4958,A24,S
869,3,male,1000,0,0,345777,9.5,1000,S
870,3,male,4,1,1,347742,11.1333,1000,S
871,3,male,26,0,0,349248,7.8958,1000,S
872,1,female,47,1,1,11751,52.5542,D35,S
873,1,male,33,0,0,695,5,B51 B53 B55,S
874,3,male,47,0,0,345765,9,1000,S
875,2,female,28,1,0,P/PP 3381,24,1000,C
876,3,female,15,0,0,2667,7.225,1000,C
877,3,male,20,0,0,7534,9.8458,1000,S
878,3,male,19,0,0,349212,7.8958,1000,S
879,3,male,1000,0,0,349217,7.8958,1000,S
880,1,female,56,0,1,11767,83.1583,C50,C
881,2,female,25,0,1,230433,26,1000,S
882,3,male,33,0,0,349257,7.8958,1000,S
883,3,female,22,0,0,7552,10.5167,1000,S
884,2,male,28,0,0,C.A./SOTON 34068,10.5,1000,S
885,3,male,25,0,0,SOTON/OQ 392076,7.05,1000,S
886,3,female,39,0,5,382652,29.125,1000,Q
887,2,male,27,0,0,211536,13,1000,S
888,1,female,19,0,0,112053,30,B42,S
889,3,female,1000,1,2,W./C. 6607,23.45,1000,S
890,1,male,26,0,0,111369,30,C148,C
891,3,male,32,0,0,370376,7.75,1000,Q
